{
  ", and ": 0.20707,
  "of the": 0.20323,
  "n the ": 0.20124,
  "f the ": 0.19898,
  "ation ": 0.19262,
  "d the ": 0.18014,
  "s and ": 0.17944,
  "in the": 0.17843,
  ". The ": 0.17599,
  "nd the": 0.16984,
  "s the ": 0.16689,
  "and th": 0.16299,
  ", the ": 0.16229,
  "tions ": 0.16091,
  "to the": 0.16084,
  "e the ": 0.16048,
  "on of ": 0.15892,
  "which ": 0.15817,
  "ed to ": 0.15684,
  "ing th": 0.15655,
  "o the ": 0.1559,
  "tional": 0.15508,
  "ion of": 0.15501,
  "tion o": 0.15381,
  "ional ": 0.15366,
  "t the ": 0.15292,
  "ng the": 0.15279,
  "ations": 0.15237,
  "ed by ": 0.15196,
  "cation": 0.15129,
  "their ": 0.14908,
  "ed in ": 0.14812,
  "s of ": 0.195,
  "that ": 0.19292,
  "e of ": 0.18419,
  "with ": 0.17893,
  "ical ": 0.16811,
  "the s": 0.16621,
  "t of ": 0.16468,
  "ther ": 0.16283,
  "the c": 0.16244,
  "from ": 0.16125,
  "ting ": 0.1603,
  "ction": 0.15981,
  "s in ": 0.15976,
  "the p": 0.1579,
  "ding ": 0.15659,
  "s to ": 0.15641,
  "ed th": 0.15564,
  "ment ": 0.15425,
  "r the": 0.15096,
  "the f": 0.15086,
  "ated ": 0.15052,
  "other": 0.15008,
  "ally ": 0.14906,
  "y of ": 0.14758,
  "for ": 0.18757,
  "are ": 0.18128,
  "all ": 0.17264,
  "e in": 0.16853,
  "ter ": 0.16761,
  "comp": 0.16624,
  "his ": 0.16594,
  "ers ": 0.16462,
  "e co": 0.16393,
  "sed ": 0.16325,
  "nce ": 0.16251,
  "es, ": 0.16177,
  "ere ": 0.16113,
  "was ": 0.16018,
  "nter": 0.15793,
  "ed a": 0.15791,
  "ies ": 0.15774,
  "ence": 0.15756,
  "ive ": 0.15683,
  "ity ": 0.15524,
  "sion": 0.15522,
  "es a": 0.15508,
  "on t": 0.15502,
  "ring": 0.15403,
  "ate ": 0.15401,
  "form": 0.15395,
  "ents": 0.15336,
  "tive": 0.15311,
  "e an": 0.15294,
  "s, a": 0.15244,
  "ture": 0.15157,
  "s a ": 0.15136,
  "ial ": 0.15127,
  "inte": 0.15116,
  "e to": 0.15107,
  "nts ": 0.15074,
  ", wh": 0.15025,
  "red ": 0.14932,
  ". In": 0.14855,
  "er t": 0.14797,
  "over": 0.14787,
  "here": 0.14747,
  "rati": 0.1469,
  "ave ": 0.14636,
  "e pr": 0.14629,
  "an ": 0.21137,
  "con": 0.19741,
  "en ": 0.19607,
  "pro": 0.19555,
  "s. ": 0.19538,
  "st ": 0.19508,
  "le ": 0.1927,
  "n a": 0.19056,
  "res": 0.18953,
  "se ": 0.18427,
  "ic ": 0.18353,
  "e, ": 0.18269,
  "ist": 0.18125,
  "ect": 0.18097,
  "rea": 0.17882,
  "ess": 0.17827,
  "ine": 0.17714,
  "ry ": 0.17625,
  "eve": 0.176,
  "iti": 0.17589,
  "tic": 0.17514,
  "use": 0.17366,
  "me ": 0.17325,
  "est": 0.1731,
  "e m": 0.17144,
  "per": 0.17095,
  "era": 0.17015,
  "man": 0.16994,
  "ear": 0.16894,
  "t a": 0.16871,
  "ide": 0.16828,
  "tra": 0.16749,
  "ne ": 0.16749,
  "t i": 0.16728,
  "str": 0.16723,
  "ame": 0.16701,
  "sta": 0.16636,
  "e b": 0.16587,
  "s w": 0.16562,
  "s s": 0.16557,
  "ces": 0.16527,
  "e e": 0.16502,
  "ste": 0.16502,
  "eri": 0.16501,
  "art": 0.16475,
  "e w": 0.16461,
  "inc": 0.16453,
  "d o": 0.16386,
  "e d": 0.1637,
  "y a": 0.16301,
  "y t": 0.16301,
  "oun": 0.16282,
  "mat": 0.16233,
  "nti": 0.16229,
  "ome": 0.16219,
  "n, ": 0.16194,
  "n i": 0.16174,
  "ern": 0.16161,
  "be ": 0.16149,
  "der": 0.16066,
  "tor": 0.16043,
  "act": 0.1603,
  "ore": 0.15989,
  "y, ": 0.15965,
  "s f": 0.15961,
  "pla": 0.15959,
  "age": 0.15956,
  "h a": 0.15953,
  "ain": 0.15928,
  "d s": 0.15876,
  "it ": 0.15873,
  "e. ": 0.15854,
  "ut ": 0.15852,
  "s c": 0.15829,
  "lat": 0.15826,
  "ort": 0.1577,
  "ple": 0.15736,
  "sti": 0.15719,
  "one": 0.15716,
  "pre": 0.1571,
  "tat": 0.15703,
  "e r": 0.15624,
  "und": 0.15622,
  "ren": 0.15616,
  "ble": 0.15591,
  "gra": 0.15576,
  "igh": 0.15568,
  "can": 0.15547,
  "ese": 0.15543,
  "ten": 0.15527,
  "ite": 0.15496,
  "r a": 0.15488,
  "han": 0.15446,
  "de ": 0.1542,
  "unt": 0.15404,
  "ld ": 0.15381,
  "lit": 0.15368,
  "eat": 0.15361,
  "ant": 0.1534,
  "ill": 0.15333,
  "als": 0.15328,
  "ge ": 0.15328,
  "our": 0.15327,
  "out": 0.15305,
  "cia": 0.15305,
  "eas": 0.15286,
  "'s ": 0.15233,
  "ran": 0.15232,
  "ace": 0.15225,
  ". A": 0.15223,
  "par": 0.15214,
  "ase": 0.15203,
  "sin": 0.15199,
  "tho": 0.15197,
  "not": 0.15175,
  "anc": 0.15148,
  "ral": 0.15147,
  "e l": 0.15124,
  "nde": 0.15118,
  "ssi": 0.15112,
  "les": 0.15105,
  "duc": 0.15096,
  "wor": 0.15092,
  "ay ": 0.15086,
  "tes": 0.1508,
  "lin": 0.15066,
  "h t": 0.1496,
  "d, ": 0.14953,
  "ght": 0.14936,
  "thi": 0.14911,
  "n s": 0.14895,
  "nat": 0.1487,
  "s b": 0.14862,
  "lar": 0.14862,
  "ss ": 0.14852,
  "e h": 0.14845,
  "hou": 0.14842,
  ", i": 0.14839,
  "s p": 0.14824,
  "ari": 0.14815,
  "ric": 0.14803,
  "eco": 0.14782,
  "min": 0.14782,
  "hav": 0.1478,
  "ene": 0.14767,
  "rou": 0.14755,
  "wer": 0.14727,
  "dis": 0.14722,
  "por": 0.1472,
  "ser": 0.14715,
  "ar ": 0.14703,
  "ven": 0.14702,
  "lan": 0.14695,
  "fer": 0.14681,
  "t, ": 0.14664,
  "ele": 0.1466,
  "ses": 0.14654,
  "ast": 0.14645,
  "ass": 0.1463,
  "d f": 0.14629,
  "ont": 0.14624,
  "een": 0.14624
}