{
  ", and ": 0.20649,
  "e LORD": 0.19754,
  "he LOR": 0.19752,
  "the LO": 0.19485,
  "nto th": 0.18723,
  "And th": 0.17696,
  "shall ": 0.1746,
  "unto t": 0.17394,
  "their ": 0.17108,
  "e, and": 0.16995,
  "; and ": 0.16143,
  "d, and": 0.15864,
  ": and ": 0.15834,
  "nd he ": 0.15776,
  "e shal": 0.15706,
  "d unto": 0.1567,
  "nd the": 0.15277,
  "d they": 0.14897,
  "e king": 0.14763,
  "he kin": 0.14642,
  "the ki": 0.14556,
  ", and\n": 0.14521,
  "en the": 0.1447,
  "he son": 0.14451,
  "hildre": 0.14398,
  "ildren": 0.14398,
  "en of ": 0.1439,
  "childr": 0.14385,
  "I will": 0.14375,
  "the ch": 0.14336,
  "there ": 0.14282,
  "t thou": 0.14073,
  "And he": 0.13972,
  ", whic": 0.13965,
  "id unt": 0.13944,
  "said, ": 0.13923,
  "the ho": 0.13923,
  "h, and": 0.13867,
  "herefo": 0.13867,
  "erefor": 0.13867,
  "refore": 0.13867,
  "aid un": 0.13864,
  "said u": 0.13852,
  "that w": 0.13824,
  "he chi": 0.13795,
  "e unto": 0.13778,
  "m, and": 0.13762,
  "f Isra": 0.13745,
  "of Isr": 0.13742,
  "ldren ": 0.1374,
  "they s": 0.13728,
  "hen th": 0.13691,
  "shalt ": 0.13689,
  "them, ": 0.13684,
  "and th": 0.13671,
  "of the": 0.1365,
  "unto h": 0.13607,
  "father": 0.13527,
  "out of": 0.13492,
  "son of": 0.13479,
  "saying": 0.13476,
  ": for ": 0.13456,
  "e chil": 0.13428,
  "to him": 0.13389,
  "nto hi": 0.13386,
  "ore th": 0.13368,
  "ut of ": 0.13352,
  "pon th": 0.13326,
  "upon t": 0.13323,
  "that h": 0.13313,
  "ren of": 0.13305,
  "dren o": 0.13273,
  "me to ": 0.13233,
  "LORD, ": 0.13225,
  "ought ": 0.13204,
  "s, and": 0.13106,
  "d the ": 0.1309,
  "fore t": 0.13081,
  "es, an": 0.13045,
  "2 And ": 0.13039,
  "3 And ": 0.13036,
  "1 And ": 0.13031,
  "e hous": 0.13028,
  "d his ": 0.13025,
  "house ": 0.12994,
  "thou s": 0.12966,
  "e land": 0.1292,
  "hou sh": 0.12883,
  "he lan": 0.12828,
  "5 And ": 0.1281,
  "u shal": 0.12808,
  "o them": 0.12793,
  "4 And ": 0.12769,
  "he hou": 0.12763,
  "and sa": 0.12749,
  "ehold,": 0.1271,
  ", sayi": 0.12695,
  "into t": 0.12695,
  "thee, ": 0.12674,
  "e peop": 0.12653,
  "and to": 0.12644,
  "saith ": 0.12644,
  "f the ": 0.12621,
  "y shal": 0.12595,
  "he peo": 0.12583,
  "every ": 0.12573,
  "hold, ": 0.12573,
  "6 And ": 0.12552,
  "d said": 0.12505,
  "e was ": 0.12468,
  "7 And ": 0.12414,
  "of his": 0.12411,
  "to the": 0.12402,
  "ervant": 0.12385,
  "n his ": 0.12379,
  "servan": 0.12372,
  "n the ": 0.12323,
  "fferin": 0.12317,
  "fering": 0.12317,
  "hey sh": 0.12307,
  "d he s": 0.12291,
  "the ea": 0.12285,
  "nd his": 0.12281,
  "8 And ": 0.12278,
  "I have": 0.12268,
  "offeri": 0.12209,
  "rought": 0.12202,
  "f his ": 0.12192,
  "y, and": 0.12185,
  "hereof": 0.12178,
  "the fi": 0.12172,
  "nd whe": 0.12162,
  "LORD ": 0.17159,
  "them ": 0.16584,
  "were ": 0.15435,
  "when ": 0.15268,
  "hath ": 0.14641,
  "the b": 0.14487,
  "him, ": 0.14347,
  "king ": 0.14307,
  "the s": 0.13759,
  "and b": 0.13662,
  "he wa": 0.13287,
  "thee ": 0.1326,
  "his s": 0.13112,
  "Then ": 0.13049,
  "he sh": 0.12862,
  "went ": 0.1281,
  "he th": 0.12724,
  "is th": 0.12659,
  "e hea": 0.12622,
  ", whe": 0.12602,
  "great": 0.1255,
  "nd I ": 0.12529,
  "ll th": 0.12517,
  ".\n\n2:": 0.12438,
  "th hi": 0.12369,
  "land ": 0.1236,
  "e sai": 0.12283,
  "d him": 0.12271,
  "ed hi": 0.12252,
  "all t": 0.1225,
  ".\n\n1:": 0.12221,
  ".\n\n11": 0.12209,
  "d, th": 0.12199,
  "earth": 0.12168,
  "eth ": 0.17319,
  "thy ": 0.17274,
  ".\n\n3": 0.15951,
  "him ": 0.15828,
  "God ": 0.14436,
  ".\n\n4": 0.14358,
  "hand": 0.14348,
  "th, ": 0.13629,
  "own ": 0.135,
  "eat ": 0.13319,
  "led ": 0.1331,
  "But ": 0.13196,
  ", I ": 0.13146,
  "of J": 0.13096,
  "t hi": 0.13055,
  "d sh": 0.12924,
  "h.\n\n": 0.12917,
  "ghte": 0.12886,
  "ah, ": 0.12792,
  ".\n\n5": 0.12628,
  "od, ": 0.12537,
  "live": 0.12499,
  "thre": 0.12479,
  "then": 0.12419,
  "ood ": 0.12416,
  "sons": 0.12399,
  "of m": 0.12366,
  "of G": 0.12363,
  "in h": 0.12237,
  "my ": 0.16559,
  "ah ": 0.13312,
  "gat": 0.12826,
  "\nth": 0.12724,
  "iah": 0.12719,
  "1:1": 0.1268,
  "2:1": 0.1251,
  "ken": 0.12488,
  "wel": 0.12359,
  "3:1": 0.123,
  "t I": 0.1224,
  "too": 0.12211,
  "d J": 0.12206
}