{
  "orque ": 0.20296,
  "s.\n\n  ": 0.19623,
  "s que ": 0.19182,
  "o.\n\n  ": 0.18951,
  "osotro": 0.18713,
  "sotros": 0.18713,
  "l que ": 0.18615,
  "a que ": 0.1786,
  "porque": 0.17374,
  "e los ": 0.17284,
  "a.\n\n  ": 0.17284,
  "vosotr": 0.17193,
  "ra que": 0.17039,
  "o que ": 0.17039,
  "el que": 0.16848,
  "os.\n\n ": 0.16783,
  "os que": 0.1675,
  "Jesús ": 0.16718,
  "de la ": 0.16618,
  "Porque": 0.16584,
  "otros ": 0.16414,
  "ambién": 0.16414,
  "tambié": 0.16309,
  "de los": 0.16166,
  "e Dios": 0.1613,
  "ara qu": 0.16057,
  "mbién ": 0.15908,
  "de Dio": 0.15794,
  "que no": 0.15794,
  "para q": 0.15638,
  ", que ": 0.15519,
  "que es": 0.1523,
  "utenbe": 0.15144,
  "tenber": 0.15144,
  "enberg": 0.15144,
  "ntonce": 0.15144,
  "tonces": 0.15144,
  "los qu": 0.15101,
  "ue no ": 0.15101,
  "os de ": 0.15013,
  ", para": 0.14925,
  "que ha": 0.14834,
  "Projec": 0.14743,
  "Gutenb": 0.14743,
  "hombre": 0.14743,
  "onces ": 0.14696,
  "había ": 0.14602,
  "discíp": 0.14506,
  "iscípu": 0.14506,
  "scípul": 0.14506,
  "cípulo": 0.14506,
  "en el ": 0.14457,
  "e.\n\n  ": 0.14408,
  "uestro": 0.14359,
  "espond": 0.14359,
  "spondi": 0.14309,
  "pecado": 0.14309,
  "l Padr": 0.14259,
  "por la": 0.14208,
  "l mund": 0.14104,
  "á los ": 0.14104,
  "ieron ": 0.14052,
  "oject ": 0.13999,
  "ject G": 0.13999,
  "ect Gu": 0.13999,
  "ct Gut": 0.13999,
  "t Gute": 0.13999,
  "lo que": 0.13946,
  "verdad": 0.13946,
  "Judíos": 0.13946,
  "estaba": 0.13891,
  "s de l": 0.13891,
  "do.\n\n ": 0.13891,
  "s Judí": 0.13891,
  "la ley": 0.13837,
  "los Ju": 0.13837,
  "os Jud": 0.13837,
  "e habí": 0.13782,
  "s cosa": 0.13726,
  "ípulos": 0.13669,
  "s los ": 0.13612,
  "que el": 0.13612,
  "; mas ": 0.13554,
  "Cristo": 0.13554,
  "pondió": 0.13496,
  "as cos": 0.13377,
  "ue el ": 0.13377,
  "or la ": 0.13316,
  "spírit": 0.13316,
  "píritu": 0.13316,
  "Respon": 0.13316,
  "mente ": 0.13255,
  "os, y ": 0.13255,
  "cierto": 0.13255,
  "Entonc": 0.13255,
  "ue est": 0.13193,
  "que me": 0.13193,
  "Jesús,": 0.13193,
  "palabr": 0.1313,
  "alabra": 0.1313,
  "esús, ": 0.1313,
  "nberg™": 0.1313,
  "e Jesú": 0.13066,
  "Jesús:": 0.13066,
  "esús: ": 0.13066,
  "roject": 0.13036,
  "o de ": 0.1855,
  "a de ": 0.17677,
  "que s": 0.16248,
  "Padre": 0.16078,
  "o, y ": 0.16043,
  "como ": 0.15649,
  "e de ": 0.15461,
  "que l": 0.15345,
  "Dios ": 0.15146,
  "que t": 0.15023,
  "Señor": 0.14982,
  "o en ": 0.1494,
  "ando ": 0.14855,
  "mundo": 0.14682,
  "s en ": 0.14457,
  "ellos": 0.14411,
  "n la ": 0.14317,
  "iendo": 0.1427,
  "s el ": 0.1427,
  "á la ": 0.14125,
  "adre ": 0.14027,
  "cosas": 0.13976,
  "muert": 0.13976,
  "mismo": 0.13926,
  "e, y ": 0.13875,
  "aquel": 0.13823,
  ", y d": 0.13771,
  "emos ": 0.13719,
  "o es ": 0.13665,
  "que c": 0.13665,
  "que d": 0.13612,
  "cual ": 0.13557,
  "e es ": 0.13502,
  "ícele": 0.13391,
  "o el ": 0.13334,
  "e en ": 0.13334,
  "o os ": 0.13218,
  "todos": 0.13159,
  "n de ": 0.13159,
  "sto, ": 0.13159,
  "do de": 0.131,
  "os en": 0.131,
  ", y l": 0.131,
  "a, y ": 0.131,
  "ios, ": 0.13039,
  "está ": 0.13039,
  "ado ": 0.17948,
  "del ": 0.17113,
  "os p": 0.15482,
  "o á ": 0.15482,
  "dos ": 0.15338,
  "ido ": 0.15191,
  "sto ": 0.15154,
  "s á ": 0.1504,
  "éis ": 0.14924,
  "la c": 0.14684,
  "pues": 0.14433,
  "iene": 0.1439,
  "dijo": 0.14303,
  "ción": 0.14169,
  "Mas ": 0.14169,
  "e á ": 0.14169,
  "bre ": 0.14033,
  "os m": 0.14033,
  "con ": 0.13973,
  "a en": 0.13939,
  "; y ": 0.13939,
  "iere": 0.13892,
  "os c": 0.13892,
  "aba ": 0.13844,
  "tro ": 0.13748,
  "las ": 0.13589,
  "ijo ": 0.13548,
  "ados": 0.13497,
  "que\n": 0.13497,
  "hace": 0.13446,
  "nde ": 0.13446,
  "ión ": 0.13394,
  "ero ": 0.13288,
  "os h": 0.13239,
  "una ": 0.13179,
  "cono": 0.13179,
  "dió ": 0.13179,
  "uno ": 0.13124,
  "yo ": 0.16125,
  "su ": 0.1512,
  "él ": 0.14693,
  "ué ": 0.14655,
  "rá ": 0.14388,
  "ará": 0.14268,
  "ta ": 0.14147,
  "ían": 0.13894,
  "tu ": 0.13674,
  "sí ": 0.13491,
  "á e": 0.133,
  "e é": 0.13202,
  "El ": 0.13152,
  "qué": 0.13152,
  "áis": 0.13102,
  "si ": 0.13089
}