{
  ", and ": 0.28071,
  "of the": 0.24059,
  "f the ": 0.22866,
  "nd the": 0.22491,
  "shall ": 0.22266,
  "n the ": 0.21149,
  "d the ": 0.21056,
  "and th": 0.20885,
  "to the": 0.20682,
  "e LORD": 0.19754,
  "he LOR": 0.19752,
  "the LO": 0.19485,
  "in the": 0.19263,
  "nto th": 0.18723,
  "o the ": 0.18672,
  "s, and": 0.17912,
  "which ": 0.17815,
  "And th": 0.17696,
  "all th": 0.1749,
  "unto t": 0.17394,
  "th the": 0.1712,
  "their ": 0.17108,
  "t the ": 0.17,
  "e, and": 0.16995,
  "h the ": 0.16807,
  "ll the": 0.1664,
  "e the ": 0.16598,
  "efore ": 0.16497,
  "r the ": 0.16171,
  "; and ": 0.16143,
  ", that": 0.16081,
  "hall b": 0.16037,
  "ith th": 0.15992,
  "e of t": 0.15893,
  "d, and": 0.15864,
  "Israel": 0.15849,
  ": and ": 0.15834,
  "nd he ": 0.15776,
  "e shal": 0.15706,
  "d unto": 0.1567,
  "all be": 0.15668,
  "or the": 0.15653,
  "l the ": 0.15621,
  "s of t": 0.15564,
  "for th": 0.15512,
  "on the": 0.15412,
  "that ": 0.23359,
  "they ": 0.19892,
  "the s": 0.19814,
  "with ": 0.19232,
  "there": 0.18097,
  "the c": 0.18045,
  "n of ": 0.1801,
  "thou ": 0.17819,
  "the p": 0.1734,
  "LORD ": 0.17159,
  "t of ": 0.17083,
  "d of ": 0.17034,
  "will ": 0.1697,
  "have ": 0.16965,
  "the w": 0.16946,
  "and s": 0.16945,
  "the h": 0.16757,
  "from ": 0.16632,
  ", the": 0.16615,
  "them ": 0.16584,
  "and h": 0.1642,
  "ther ": 0.16412,
  "at th": 0.16392,
  "\nthe ": 0.16176,
  "s the": 0.16107,
  "the f": 0.15915,
  "ed th": 0.1584,
  "the m": 0.15683,
  "e to ": 0.1557,
  "upon ": 0.15552,
  "en th": 0.15541,
  "the t": 0.15465,
  "hat t": 0.15447,
  "were ": 0.15435,
  "re th": 0.15427,
  "his ": 0.2196,
  "ing ": 0.20935,
  ".\n\n1": 0.20818,
  "not ": 0.18791,
  ".\n\n2": 0.1866,
  "the\n": 0.18479,
  "hen ": 0.18151,
  "eth ": 0.17319,
  "was ": 0.17302,
  "thy ": 0.17274,
  "said": 0.17194,
  "thee": 0.16965,
  ", wh": 0.16902,
  "e.\n\n": 0.169,
  "ight": 0.16704,
  "king": 0.16577,
  "s.\n\n": 0.16548,
  "our ": 0.16517,
  "nd a": 0.16399,
  "m th": 0.16387,
  "out ": 0.163,
  "nd w": 0.16284,
  "thin": 0.16158,
  "y th": 0.1614,
  "are ": 0.16123,
  "e ha": 0.16005,
  "tion": 0.15989,
  "ame ": 0.15964,
  ".\n\n3": 0.15951,
  "and\n": 0.15927,
  "him ": 0.15828,
  "d.\n\n": 0.15808,
  "ght ": 0.15805,
  "er t": 0.15741,
  "ent ": 0.1573,
  "red ": 0.15666,
  "e in": 0.15657,
  "hous": 0.15642,
  "he l": 0.15523,
  "es, ": 0.15505,
  "use ": 0.15501,
  "one ": 0.15481,
  "nd o": 0.15481,
  "e a": 0.20329,
  "st ": 0.19958,
  "ear": 0.19221,
  "ver": 0.19013,
  "be ": 0.19009,
  "ath": 0.18991,
  "n, ": 0.18275,
  "es ": 0.1814,
  "an ": 0.18104,
  "ter": 0.1806,
  "it ": 0.18017,
  "man": 0.17886,
  "eve": 0.17805,
  "you": 0.17773,
  "e b": 0.17671,
  "s a": 0.17606,
  "The": 0.17467,
  "d i": 0.17449,
  "ain": 0.17441,
  "m, ": 0.17419,
  "est": 0.17407,
  "t, ": 0.17397,
  "ord": 0.17358,
  "t i": 0.17292,
  "ive": 0.17291,
  "t h": 0.17245,
  "ay ": 0.17167,
  "id ": 0.17124,
  "s s": 0.17029,
  "com": 0.1701,
  "hea": 0.17009,
  "e d": 0.17005,
  "ven": 0.17,
  "ess": 0.16863,
  "God": 0.16862,
  "ers": 0.16824,
  "ake": 0.16818,
  "y s": 0.16818,
  "n h": 0.16809,
  "t w": 0.16786,
  "h, ": 0.16658,
  "t a": 0.16602,
  "my ": 0.16559,
  "son": 0.16508,
  "ast": 0.1647,
  "ove": 0.16422,
  "whe": 0.16382,
  "ine": 0.16368,
  "men": 0.16356,
  "t s": 0.1629,
  "n a": 0.16275,
  "et ": 0.16265,
  "r, ": 0.16259,
  "rea": 0.16178,
  "han": 0.16079,
  "od ": 0.16069,
  "rin": 0.16047,
  "ye ": 0.16046,
  "eat": 0.16009,
  "ke ": 0.16001,
  "le ": 0.15966,
  "ugh": 0.15935,
  "art": 0.15874,
  "oth": 0.15868,
  "s w": 0.15848,
  "e e": 0.15797,
  "e n": 0.1578,
  "d b": 0.15757,
  "e u": 0.15745,
  "wor": 0.1572,
  "ple": 0.15694,
  "ome": 0.15658,
  "ld ": 0.15649,
  "o h": 0.15626,
  "old": 0.15617,
  "oun": 0.15598,
  "ce ": 0.15552,
  "rd ": 0.15505,
  ", s": 0.15459,
  "ad ": 0.15459,
  "ow ": 0.15449,
  "und": 0.15441,
  "ren": 0.15431
}