{
  "de la ": 0.21363,
  "ación ": 0.21224,
  "ión de": 0.18745,
  "e los ": 0.18447,
  "iones ": 0.1817,
  "es de ": 0.18157,
  "ción d": 0.18109,
  "os de ": 0.18088,
  "ciones": 0.17823,
  "ón de ": 0.1778,
  "mente ": 0.17134,
  "de los": 0.16991,
  "s de l": 0.1671,
  "s que ": 0.16696,
  "as de ": 0.16683,
  "o de l": 0.16589,
  "en la ": 0.16554,
  "en el ": 0.16501,
  "miento": 0.16467,
  "e las ": 0.16422,
  "a de l": 0.15927,
  "encia ": 0.15446,
  "a que ": 0.15313,
  "acione": 0.15196,
  "de las": 0.1517,
  "to de ": 0.15098,
  "o que ": 0.15068,
  "para ": 0.18343,
  "como ": 0.1812,
  "a la ": 0.17158,
  "s en ": 0.17025,
  "ales ": 0.16932,
  "e de ": 0.16868,
  "idad ": 0.16743,
  "o en ": 0.16168,
  "ciona": 0.1613,
  "ento ": 0.16128,
  "ados ": 0.16087,
  "a en ": 0.15766,
  "ntes ": 0.15584,
  "ando ": 0.1556,
  "ament": 0.15447,
  "forma": 0.1544,
  "e el ": 0.1525,
  "a con": 0.1514,
  "que s": 0.15115,
  "s con": 0.15057,
  "que e": 0.15042,
  "del ": 0.20947,
  "por ": 0.19012,
  "una ": 0.18966,
  "ado ": 0.18714,
  "con ": 0.18419,
  "s y ": 0.18026,
  "esta": 0.17788,
  "tos ": 0.1766,
  "ica ": 0.17466,
  "res ": 0.17466,
  "ante": 0.17399,
  "entr": 0.17186,
  "e co": 0.17143,
  "enta": 0.17083,
  "la c": 0.17011,
  "os p": 0.16905,
  "os e": 0.16797,
  "ada ": 0.16765,
  "l de": 0.16654,
  "e en": 0.16425,
  "e se": 0.16307,
  "de e": 0.16185,
  "os c": 0.16149,
  "es, ": 0.16099,
  "es e": 0.16094,
  "os, ": 0.16092,
  "ron ": 0.1603,
  "comp": 0.15985,
  "e es": 0.15941,
  "más ": 0.15935,
  "de c": 0.15922,
  "e un": 0.15922,
  "tica": 0.15921,
  "cial": 0.15849,
  "de a": 0.15774,
  "tado": 0.15748,
  "la p": 0.15748,
  "sta ": 0.15745,
  "as c": 0.15713,
  ", la": 0.15703,
  "a y ": 0.15625,
  "inte": 0.15619,
  ". La": 0.15614,
  "das ": 0.15606,
  "nos ": 0.15563,
  "el c": 0.15561,
  "ido ": 0.15545,
  "os a": 0.15527,
  "ras ": 0.15524,
  "as p": 0.15515,
  "cont": 0.15489,
  "o co": 0.15413,
  "ios ": 0.15381,
  "as e": 0.15371,
  "de s": 0.15354,
  "ores": 0.15353,
  "tura": 0.1526,
  "nter": 0.15226,
  "onal": 0.15205,
  "ico ": 0.15196,
  "part": 0.15191,
  "a re": 0.1516,
  "ambi": 0.15135,
  "a in": 0.15085,
  "era ": 0.15079,
  "el p": 0.15059,
  "do e": 0.15039,
  "n un": 0.15018,
  "r la": 0.15008,
  "ntra": 0.15004,
  "al ": 0.21913,
  "se ": 0.21752,
  "ar ": 0.20284,
  "des": 0.19691,
  "an ": 0.19656,
  "o, ": 0.19558,
  "ist": 0.1927,
  "a, ": 0.19125,
  "un ": 0.19082,
  ". E": 0.1905,
  "a a": 0.18983,
  "pro": 0.18806,
  "ici": 0.18798,
  "per": 0.18727,
  "no ": 0.18724,
  "s. ": 0.18672,
  ", e": 0.18599,
  "e p": 0.18226,
  "ía ": 0.1819,
  "a s": 0.18156,
  "er ": 0.18089,
  "s s": 0.18059,
  "ran": 0.1802,
  "re ": 0.17903,
  "lo ": 0.17799,
  "o a": 0.17692,
  "ero": 0.1766,
  "rec": 0.17529,
  "ina": 0.17473,
  "o p": 0.17442,
  "ene": 0.17403,
  "ten": 0.17363,
  "pre": 0.1734,
  "io ": 0.17317,
  "tro": 0.17297,
  "a m": 0.17283,
  "n c": 0.17262,
  "ste": 0.17214,
  "tiv": 0.17111,
  "s m": 0.17106,
  "ro ": 0.17062,
  "sti": 0.16977,
  "n a": 0.16943,
  "ali": 0.16927,
  "str": 0.16904,
  "man": 0.16875,
  "iza": 0.16873,
  "a. ": 0.16844,
  "o s": 0.16699,
  "r e": 0.16668,
  "fic": 0.16658,
  "ier": 0.16652,
  "ari": 0.1661,
  "end": 0.16586,
  "tor": 0.16581,
  "n s": 0.16544,
  "rio": 0.16506,
  "der": 0.16438,
  "tal": 0.16365,
  "ere": 0.1634,
  "o. ": 0.16253,
  "den": 0.1624,
  "n p": 0.16175,
  "cas": 0.16168,
  "ect": 0.16162,
  "tan": 0.1606,
  "gen": 0.16054,
  "bre": 0.1602,
  "esp": 0.16013,
  "oci": 0.16012,
  "ner": 0.16006,
  "o l": 0.15997,
  "ita": 0.15969,
  "ren": 0.15949,
  "e t": 0.15936,
  "tar": 0.15935,
  "ria": 0.15927,
  "cie": 0.15923,
  "ros": 0.15901,
  "eri": 0.15877,
  "sto": 0.1584,
  "e, ": 0.1583,
  "rte": 0.15821,
  ", c": 0.1582,
  "rac": 0.15798,
  "cos": 0.15778,
  "e m": 0.15759,
  "l a": 0.15689,
  "uer": 0.15679,
  "ers": 0.15646,
  "eci": 0.15639,
  "ma ": 0.15634,
  "ndi": 0.15632,
  "su ": 0.15627,
  "gra": 0.1561,
  "esa": 0.15581,
  "ede": 0.15579,
  "El ": 0.1556,
  "ral": 0.15539,
  "inc": 0.15529,
  "ort": 0.15523,
  "ili": 0.15522,
  "La ": 0.15514,
  "s l": 0.15505,
  "s t": 0.15495,
  "pue": 0.15494,
  "edi": 0.15494,
  "nti": 0.15481,
  "nic": 0.15479,
  "a t": 0.15468,
  "tre": 0.15441,
  ", p": 0.15427,
  "rad": 0.15426,
  "ons": 0.15387,
  "a f": 0.1533,
  "rti": 0.15312,
  "l e": 0.15276,
  "son": 0.15263,
  "dis": 0.15259,
  "nde": 0.15256,
  "dor": 0.15236,
  "ces": 0.15232,
  "emp": 0.1522,
  "cto": 0.15214,
  "fue": 0.15208,
  "tas": 0.15197,
  "ide": 0.15187,
  "mer": 0.1518,
  "ema": 0.15171,
  "s i": 0.15126,
  ", a": 0.15119,
  "y l": 0.15093,
  "y e": 0.15074,
  "min": 0.15057,
  "ser": 0.15053,
  "pos": 0.15049,
  "e i": 0.15047,
  ", s": 0.15035,
  "lar": 0.15025,
  "r d": 0.15024,
  "e r": 0.15022,
  "ori": 0.15006,
  "le ": 0.15003,
  "pri": 0.14997,
  "ele": 0.14996,
  "l m": 0.14995,
  "olo": 0.14988
}