{
  "orque ": 0.20296,
  "s.\n\n  ": 0.19623,
  "s que ": 0.19182,
  "o.\n\n  ": 0.18951,
  "osotro": 0.18713,
  "sotros": 0.18713,
  "l que ": 0.18615,
  "a que ": 0.1786,
  "porque": 0.17374,
  "e los ": 0.17284,
  "a.\n\n  ": 0.17284,
  "vosotr": 0.17193,
  "ra que": 0.17039,
  "o que ": 0.17039,
  "el que": 0.16848,
  "os.\n\n ": 0.16783,
  "os que": 0.1675,
  "Jesús ": 0.16718,
  "de la ": 0.16618,
  "Porque": 0.16584,
  "otros ": 0.16414,
  "ambién": 0.16414,
  "tambié": 0.16309,
  "de los": 0.16166,
  "e Dios": 0.1613,
  "ara qu": 0.16057,
  "mbién ": 0.15908,
  "de Dio": 0.15794,
  "que no": 0.15794,
  "para q": 0.15638,
  ", que ": 0.15519,
  "que es": 0.1523,
  "utenbe": 0.15144,
  "tenber": 0.15144,
  "enberg": 0.15144,
  "ntonce": 0.15144,
  "tonces": 0.15144,
  "los qu": 0.15101,
  "ue no ": 0.15101,
  "os de ": 0.15013,
  ", para": 0.14925,
  "que ha": 0.14834,
  "o de ": 0.1855,
  "a de ": 0.17677,
  "s, y ": 0.1638,
  "que s": 0.16248,
  "Padre": 0.16078,
  "o, y ": 0.16043,
  "había": 0.15796,
  "como ": 0.15649,
  "ombre": 0.15649,
  "eron ": 0.15575,
  "e est": 0.15461,
  "e de ": 0.15461,
  "que l": 0.15345,
  "n el ": 0.15226,
  "o est": 0.15186,
  "Dios ": 0.15146,
  "e hab": 0.15146,
  "e el ": 0.15064,
  "uestr": 0.15023,
  "que t": 0.15023,
  "en el": 0.14982,
  "Señor": 0.14982,
  "o en ": 0.1494,
  "ando ": 0.14855,
  "abía ": 0.14769,
  "por ": 0.19339,
  "os, ": 0.18878,
  "esta": 0.1825,
  "ado ": 0.17948,
  "the ": 0.17273,
  "ente": 0.17193,
  "del ": 0.17113,
  "s co": 0.17058,
  "las ": 0.16808,
  "to, ": 0.16606,
  "mas ": 0.16488,
  "e en": 0.16428,
  "s di": 0.16428,
  "mos ": 0.16213,
  "es, ": 0.16087,
  "s en": 0.16055,
  "con ": 0.15957,
  "ment": 0.15892,
  "les ": 0.15792,
  "era ": 0.15758,
  "do, ": 0.15656,
  "erto": 0.15587,
  "esto": 0.15482,
  "os p": 0.15482,
  "o á ": 0.15482,
  "os e": 0.15446,
  "n la": 0.15446,
  "es d": 0.15338,
  "dos ": 0.15338,
  "e co": 0.15302,
  "cado": 0.15265,
  "tion": 0.15228,
  "ido ": 0.15191,
  "sto ": 0.15154,
  "ces ": 0.15154,
  "a co": 0.1504,
  "todo": 0.1504,
  "s á ": 0.1504,
  "de e": 0.15001,
  "isto": 0.15001,
  "nte ": 0.14924,
  "éis ": 0.14924,
  "os h": 0.14884,
  "iero": 0.14845,
  "está": 0.14845,
  "ien": 0.20233,
  "e, ": 0.20075,
  "re ": 0.19408,
  "al ": 0.19356,
  "a, ": 0.19013,
  "s l": 0.18958,
  "se ": 0.18575,
  "le ": 0.18416,
  "e m": 0.18416,
  "e a": 0.18396,
  "lo ": 0.18274,
  "res": 0.18001,
  "an ": 0.17805,
  "end": 0.17716,
  "s s": 0.17672,
  "o s": 0.17626,
  "me ": 0.17558,
  "a e": 0.17443,
  "dad": 0.17325,
  "cie": 0.17301,
  "uer": 0.17229,
  "o: ": 0.17229,
  "o p": 0.17181,
  "a l": 0.17132,
  "ere": 0.17033,
  "tra": 0.17008,
  "á l": 0.17008,
  "s: ": 0.16983,
  "man": 0.16983,
  "ijo": 0.16958,
  "s o": 0.16908,
  "s a": 0.16882,
  "dic": 0.1678,
  "ant": 0.1678,
  "cua": 0.16754,
  "o l": 0.16728,
  "e v": 0.16702,
  "cia": 0.16702,
  "esp": 0.16675,
  "tes": 0.16622,
  ", d": 0.16569,
  "s m": 0.16569,
  "ect": 0.16542,
  "ro ": 0.16542,
  "ste": 0.16542,
  ", s": 0.16515,
  "bra": 0.16461,
  "aba": 0.16379,
  "a v": 0.16379,
  "cho": 0.16323,
  "o c": 0.16239,
  "nos": 0.16239,
  "e p": 0.1621,
  "o h": 0.16182,
  "yo ": 0.16125,
  "y d": 0.16125,
  "ió ": 0.16096,
  "und": 0.16037,
  "a p": 0.15979,
  ", e": 0.15979,
  "s t": 0.15949,
  "ing": 0.15919,
  "ond": 0.15919,
  "o t": 0.15889,
  "per": 0.15889,
  "er ": 0.15859,
  "dis": 0.15859,
  "cre": 0.15859,
  "dij": 0.15859,
  "ora": 0.15859,
  "e: ": 0.15829,
  "pue": 0.15799,
  "mis": 0.15799,
  "da ": 0.15737,
  "ndi": 0.15737,
  "nci": 0.15707,
  "a m": 0.15707,
  "aci": 0.15675,
  "qui": 0.15644,
  "rit": 0.15644,
  "ici": 0.15644,
  "nde": 0.15613,
  "sti": 0.15613,
  "ver": 0.15581,
  "a s": 0.1555,
  "ida": 0.15518,
  "ell": 0.15453,
  "l m": 0.15453,
  "ntr": 0.15421,
  "pro": 0.15421,
  "o m": 0.15421,
  "ulo": 0.15356,
  "ven": 0.15356,
  "rec": 0.15323,
  "ión": 0.15323,
  "o a": 0.15323,
  ", n": 0.15323,
  "ene": 0.15289,
  "nta": 0.15256,
  "llo": 0.15222,
  "ino": 0.15189,
  "n, ": 0.15155,
  "ice": 0.1512,
  "su ": 0.1512,
  "y e": 0.1512,
  "r l": 0.15051,
  "s n": 0.15051,
  "aqu": 0.15051,
  "ris": 0.15051,
  "ed ": 0.15016,
  "n d": 0.15016,
  "ele": 0.14981,
  "pre": 0.14946,
  "ter": 0.14911,
  "ama": 0.14911,
  "cri": 0.14875,
  "cos": 0.14839,
  "uno": 0.14839,
  "tad": 0.14839,
  "pon": 0.14839,
  "ad ": 0.14803,
  "emo": 0.14803,
  "l c": 0.14803
}