{
  "e los ": 0.18447,
  "de los": 0.16991,
  "s que ": 0.16696,
  "en la ": 0.16554,
  "en el ": 0.16501,
  "e las ": 0.16422,
  "a que ": 0.15313,
  "de las": 0.1517,
  "to de ": 0.15098,
  "o que ": 0.15068,
  "iento ": 0.14944,
  "s del ": 0.14858,
  "n los ": 0.14426,
  "dad de": 0.14391,
  "ad de ": 0.14089,
  "ambién": 0.14004,
  "mbién ": 0.13934,
  "lmente": 0.13819,
  "entes ": 0.13761,
  ", que ": 0.13742,
  "amient": 0.13727,
  "ue se ": 0.13535,
  "a los ": 0.13476,
  "o por ": 0.13247,
  "dades ": 0.13247,
  "tambié": 0.13224,
  "n las ": 0.13197,
  "os en ": 0.13193,
  "idad d": 0.13153,
  "e una ": 0.13113,
  "sobre ": 0.13027,
  "primer": 0.12946,
  "s por ": 0.12943,
  "ología": 0.12919,
  "cción ": 0.12841,
  "que la": 0.12838,
  "ento d": 0.12779,
  "tación": 0.12696,
  "idades": 0.12626,
  "do en ": 0.1259,
  "s como": 0.12581,
  "es en ": 0.1255,
  "esarro": 0.12547,
  "sarrol": 0.12547,
  "s en l": 0.1254,
  "istema": 0.12535,
  "encias": 0.12526,
  "os que": 0.12516,
  "ción e": 0.12467,
  "ciudad": 0.12443,
  "on el ": 0.12443,
  "sistem": 0.12431,
  "lidad ": 0.12403,
  "e que ": 0.12388,
  "n una ": 0.12386,
  "a por ": 0.12386,
  "desarr": 0.12318,
  "puede ": 0.12288,
  "as en ": 0.12216,
  "tos de": 0.1218,
  "estudi": 0.12164,
  "on la ": 0.12162,
  "ue el ": 0.12122,
  "zación": 0.12106,
  "iendo ": 0.12104,
  "izació": 0.12104,
  "s de c": 0.12072,
  "ción, ": 0.12045,
  "n del ": 0.1204,
  ". Los ": 0.12034,
  "ición ": 0.12034,
  "ue la ": 0.12018,
  "lación": 0.11977,
  "o con ": 0.11969,
  "con la": 0.11964,
  "ncia d": 0.11956,
  "a las ": 0.11942,
  "desde ": 0.11903,
  ", los ": 0.11878,
  "por la": 0.11861,
  "para l": 0.11847,
  "de un ": 0.11836,
  "ente e": 0.11825,
  "tados ": 0.11811,
  "do por": 0.11748,
  "rencia": 0.1174,
  "ón del": 0.11725,
  "alidad": 0.11711,
  ", como": 0.11673,
  "n que ": 0.11673,
  "mación": 0.11649,
  "ieron ": 0.11626,
  "como l": 0.11602,
  "ma de ": 0.1159,
  "conoci": 0.11587,
  "ía de ": 0.11581,
  "s de a": 0.11572,
  "da de ": 0.1156,
  "relaci": 0.11536,
  "logía ": 0.1153,
  "ar la ": 0.11527,
  "a con ": 0.11521,
  "ntes d": 0.11494,
  "do el ": 0.11473,
  "ta de ": 0.11463,
  "olític": 0.11426,
  "lo que": 0.11414,
  "iudad ": 0.11411,
  "ticas ": 0.11408,
  "ormaci": 0.11408,
  "a una ": 0.11398,
  "l que ": 0.11398,
  "o en l": 0.1138,
  "por el": 0.11367,
  "a ciud": 0.11367,
  "s más ": 0.11361,
  "formac": 0.11361,
  "te en ": 0.11345,
  "ilidad": 0.11342,
  "or el ": 0.11339,
  "s de e": 0.11329,
  "que es": 0.11313,
  "como e": 0.1131,
  "estado": 0.11272,
  "or la ": 0.11272,
  "erecho": 0.11262,
  "los de": 0.1124,
  "ión y ": 0.11233,
  "iales ": 0.11227,
  "r los ": 0.11188,
  "ente, ": 0.11181,
  "tiene ": 0.11181,
  "so de ": 0.11175,
  "rmació": 0.11165,
  "ios de": 0.11155,
  "ra la ": 0.11151,
  "hasta ": 0.11145,
  "políti": 0.11142,
  "os com": 0.11135,
  "lacion": 0.11135,
  "isión ": 0.11118,
  "para e": 0.11112,
  "iente ": 0.11095,
  "ión en": 0.11092,
  "urante": 0.11081,
  "uando ": 0.11081,
  "a en l": 0.11065,
  "ientos": 0.11058,
  "e del ": 0.11041,
  "dos de": 0.11003,
  "iferen": 0.11003,
  "Estado": 0.10969,
  "ación,": 0.10966,
  "ado en": 0.10955,
  "s en e": 0.10952,
  ", con ": 0.10948,
  ". Las ": 0.10948,
  "ar el ": 0.10948,
  "difere": 0.10945,
  "ción c": 0.10941,
  "os del": 0.10941,
  "ción. ": 0.10931,
  "ra el ": 0.10913,
  "mento ": 0.10906,
  "comuni": 0.10906,
  "siones": 0.10899,
  "tencia": 0.10878,
  "da por": 0.10864,
  "ológic": 0.10857,
  "derech": 0.10857,
  "ara la": 0.10857,
  "otros ": 0.10853,
  "ueden ": 0.10835,
  "n la c": 0.10832,
  "donde ": 0.1081,
  "pueden": 0.1081,
  "rimera": 0.10807,
  "o en e": 0.10807,
  "os par": 0.10792,
  "bilida": 0.10789,
  "os est": 0.10785,
  "stema ": 0.10778,
  "omo la": 0.10774,
  "en un ": 0.10774,
  "es el ": 0.10749,
  "ción y": 0.10745,
  "e la e": 0.10745,
  "e pued": 0.10723,
  "la ciu": 0.10723,
  "po de ": 0.10708,
  "ue los": 0.10705,
  "bre de": 0.10694,
  "stados": 0.10686,
  "nte en": 0.10686,
  "tivos ": 0.10683,
  "nción ": 0.10679,
  "da en ": 0.10668,
  "ución ": 0.10664,
  "e la m": 0.10653,
  "ción p": 0.10649,
  "los pr": 0.10645,
  "s de s": 0.10642,
  "n el c": 0.10634,
  "con un": 0.10634,
  ", por ": 0.10634,
  "o una ": 0.10634,
  "sión d": 0.1063,
  "ción a": 0.10619,
  "os por": 0.10619,
  "e la i": 0.10589,
  "icione": 0.10589,
  ", las ": 0.10581,
  ", la ": 0.14978,
  ", el ": 0.14843,
  ". En ": 0.14607,
  "icos ": 0.13797,
  "os y ": 0.1378,
  "y la ": 0.13491,
  "o la ": 0.13344,
  "o se ": 0.13153,
  ", en ": 0.1306,
  "y el ": 0.12842,
  "as y ": 0.12746,
  "las c": 0.1256,
  "tado ": 0.12519,
  "los c": 0.12492,
  "stas ": 0.12439,
  "tante": 0.1242,
  "s se ": 0.12281,
  "cada ": 0.1215,
  "de 19": 0.12145,
  "esta ": 0.12098,
  "idos ": 0.11997,
  "este ": 0.11875,
  "de 20": 0.11857,
  ", se ": 0.11685,
  "cuent": 0.11537,
  "chos ": 0.11457,
  "a un ": 0.11445,
  "ístic": 0.11325,
  "o es ": 0.1131,
  "iembr": 0.11307,
  "stos ": 0.11265,
  "nte l": 0.11222,
  "ativa": 0.11216,
  "acia ": 0.11176,
  "los m": 0.11139,
  "dos e": 0.11089,
  "r en ": 0.11079,
  "a se ": 0.1105,
  "e su ": 0.11041,
  "una c": 0.11038,
  "n su ": 0.11018,
  "o un ": 0.10996,
  "cidad": 0.10986,
  "dos p": 0.10983,
  "ncion": 0.10954,
  "ccion": 0.10944,
  "ítica": 0.10931,
  "puest": 0.10894,
  "mismo": 0.10871,
  "istas": 0.10814,
  "ión s": 0.10794,
  "las m": 0.10732,
  "el es": 0.10722,
  "tiva ": 0.10722,
  "ctos ": 0.10698,
  "r un ": 0.10684,
  "traba": 0.1068,
  "s y l": 0.10677,
  "uegos": 0.1067,
  "a es ": 0.10649,
  "ombre": 0.10645,
  "iante": 0.10627,
  "unos ": 0.10613,
  "iedad": 0.10599,
  "al y ": 0.10592,
  "odos ": 0.10592,
  "a y ": 0.15625,
  "fuer": 0.12751,
  "fue ": 0.1253,
  "nido": 0.11961,
  "está": 0.11811,
  "cual": 0.11603,
  "zado": 0.11511,
  "s o ": 0.11447,
  "ería": 0.1128,
  "ían ": 0.11269,
  "oría": 0.11206,
  "cios": 0.11146,
  "segu": 0.11123,
  "tiem": 0.10957,
  "lgun": 0.10957,
  "ceso": 0.10929,
  "nuev": 0.10926,
  "país": 0.10774,
  "cuan": 0.10774,
  "iado": 0.10765,
  "ías ": 0.10736,
  "años": 0.10694,
  "iemp": 0.10665,
  "ños ": 0.10616,
  "ió ": 0.12862,
  "ó e": 0.12002,
  "emá": 0.11686,
  "ún ": 0.1092,
  "ó a": 0.10787
}